Workbook

Sheet CAR DETAILS FROM CAR DEKHO
A1: name | B1: year | C1: selling_price | D1: km_driven | E1: fuel | F1: seller_type | G1: transmission | H1: owner | I1: car age | J1: price category
A2: Maruti 800 AC | B2: 2007 | C2: 60000 | D2: 70000 | E2: Petrol | F2: Individual | G2: Manual | H2: First Owner | I2: =YEAR(TODAY( ))-B2 -> 19 | J2: =IF(C2<5,"BUDGET",IF(C2<=10,"MID RANGE","PREMIUM")) -> PREMIUM
A3: Ford Endeavour 2.2 Titanium AT 4X2 | B3: 2019 | C3: 2800000 | D3: 10000 | E3: Diesel | F3: Individual | G3: Automatic | H3: First Owner | I3: =YEAR(TODAY( ))-B3 -> 7 | J3: =IF(C3<5,"BUDGET",IF(C3<=10,"MID RANGE","PREMIUM")) -> PREMIUM
A4: Maruti Swift Dzire VDI | B4: 2015 | C4: 470000 | D4: 170000 | E4: Diesel | F4: Individual | G4: Manual | H4: First Owner | I4: =YEAR(TODAY( ))-B4 -> 11 | J4: =IF(C4<5,"BUDGET",IF(C4<=10,"MID RANGE","PREMIUM")) -> PREMIUM
A5: Maruti Celerio ZXI | B5: 2017 | C5: 415000 | D5: 20000 | E5: Petrol | F5: Individual | G5: Manual | H5: First Owner | I5: =YEAR(TODAY( ))-B5 -> 9 | J5: =IF(C5<5,"BUDGET",IF(C5<=10,"MID RANGE","PREMIUM")) -> PREMIUM
A6: Nissan Terrano XL 85 PS | B6: 2014 | C6: 500000 | D6: 82000 | E6: Diesel | F6: Individual | G6: Manual | H6: First Owner | I6: =YEAR(TODAY( ))-B6 -> 12 | J6: =IF(C6<5,"BUDGET",IF(C6<=10,"MID RANGE","PREMIUM")) -> PREMIUM
A7: Chevrolet Spark 1.0 LT BS3 | B7: 2013 | C7: 150000 | D7: 60000 | E7: Petrol | F7: Individual | G7: Manual | H7: Second Owner | I7: =YEAR(TODAY( ))-B7 -> 13 | J7: =IF(C7<5,"BUDGET",IF(C7<=10,"MID RANGE","PREMIUM")) -> PREMIUM
A8: Maruti Alto STD | B8: 2005 | C8: 95000 | D8: 50000 | E8: Petrol | F8: Individual | G8: Manual | H8: Second Owner | I8: =YEAR(TODAY( ))-B8 -> 21 | J8: =IF(C8<5,"BUDGET",IF(C8<=10,"MID RANGE","PREMIUM")) -> PREMIUM
A9: Maruti Swift LDI | B9: 2012 | C9: 400000 | D9: 70000 | E9: Diesel | F9: Individual | G9: Manual | H9: First Owner | I9: =YEAR(TODAY( ))-B9 -> 14 | J9: =IF(C9<5,"BUDGET",IF(C9<=10,"MID RANGE","PREMIUM")) -> PREMIUM
A10: Maruti Alto LX | B10: 2008 | C10: 114999 | D10: 66782 | E10: Petrol | F10: Individual | G10: Manual | H10: Second Owner | I10: =YEAR(TODAY( ))-B10 -> 18 | J10: =IF(C10<5,"BUDGET",IF(C10<=10,"MID RANGE","PREMIUM")) -> PREMIUM
A11: Maruti Alto LX | B11: 2006 | C11: 75000 | D11: 130000 | E11: Petrol | F11: Individual | G11: Manual | H11: First Owner | I11: =YEAR(TODAY( ))-B11 -> 20 | J11: =IF(C11<5,"BUDGET",IF(C11<=10,"MID RANGE","PREMIUM")) -> PREMIUM
A12: Hyundai Verna 1.6 SX CRDi (O) | B12: 2013 | C12: 500000 | D12: 120000 | E12: Diesel | F12: Individual | G12: Manual | H12: First Owner | I12: =YEAR(TODAY( ))-B12 -> 13 | J12: =IF(C12<5,"BUDGET",IF(C12<=10,"MID RANGE","PREMIUM")) -> PREMIUM
A13: Maruti 800 AC | B13: 2014 | C13: 195000 | D13: 75000 | E13: Petrol | F13: Individual | G13: Manual | H13: Second Owner | I13: =YEAR(TODAY( ))-B13 -> 12 | J13: =IF(C13<5,"BUDGET",IF(C13<=10,"MID RANGE","PREMIUM")) -> PREMIUM
... A29: Renault KWID RXT | B29: 2016 | C29: 225000 | D29: 40000 | E29: Petrol | F29: Individual | G29: Manual | H29: First Owner | I29: =YEAR(TODAY( ))-B29 -> 10 | J29: =IF(C29<5,"BUDGET",IF(C29<=10,"MID RANGE","PREMIUM")) -> PREMIUM

Sheet pivot table
A3: Row Labels | B3: Average of selling_price
A4: Diesel | B4: 629285.57
A5: Petrol | B5: 148214.21
A6: Grand Total | B6: 388749.89
A11: Row Labels | B11: Count of name
A12: Automatic | B12: 1
A13: Manual | B13: 27
A14: Grand Total | B14: 28
A18: Row Labels | B18: Count of name
A19: 2000 | B19: 1
A20: 2005 | B20: 2
A21: 2006 | B21: 1
A22: 2007 | B22: 1
A23: 2008 | B23: 1
A24: 2009 | B24: 1
A25: 2010 | B25: 2
A26: 2012 | B26: 4
A27: 2013 | B27: 2
A28: 2014 | B28: 4
A29: 2015 | B29: 5
A30: 2016 | B30: 2
... A32: 2019 | B32: 1
A33: Grand Total | B33: 28
A38: Row Labels | B38: Average of selling_price
A39: Individual | B39: 388749.89
A40: Grand Total | B40: 388749.89

Sheet dashboard
A1: A Column | B1: B Column | D1: D | E1: E | G1: dashboard
A2: Total Cars | B2: =COUNTA(raw_data!A:A)-1 -> 28 | D2: Petrol | E2: =COUNTIF(raw_data!E:E,"Petrol") -> 14
A3: Average Selling Price | B3: =AVERAGE(raw_data!C:C) -> 388749.89 | D3: Diesel | E3: =COUNTIF(raw_data!E:E,"Diesel") -> 14
A4: Most Used Fuel | B4: petrol
A5: % First Owner Cars | B5: =COUNTIF(raw_data!H:H,"First Owner")/(COUNTA(raw_data!A:A)-1) -> 0.46428571

Sheet raw_data
A1: name | B1: year | C1: selling_price | D1: km_driven | E1: fuel | F1: seller_type | G1: transmission | H1: owner | I1: car age | J1: price category
A2: Maruti 800 AC | B2: 2007 | C2: 60000 | D2: 70000 | E2: Petrol | F2: Individual | G2: Manual | H2: First Owner | I2: =YEAR(TODAY( ))-B2 -> 19 | J2: =IF(C2<5,"BUDGET",IF(C2<=10,"MID RANGE","PREMIUM")) -> PREMIUM
A3: Ford Endeavour 2.2 Titanium AT 4X2 | B3: 2019 | C3: 2800000 | D3: 10000 | E3: Diesel | F3: Individual | G3: Automatic | H3: First Owner | I3: =YEAR(TODAY( ))-B3 -> 7 | J3: =IF(C3<5,"BUDGET",IF(C3<=10,"MID RANGE","PREMIUM")) -> PREMIUM
A4: Maruti Swift Dzire VDI | B4: 2015 | C4: 470000 | D4: 170000 | E4: Diesel | F4: Individual | G4: Manual | H4: First Owner | I4: =YEAR(TODAY( ))-B4 -> 11 | J4: =IF(C4<5,"BUDGET",IF(C4<=10,"MID RANGE","PREMIUM")) -> PREMIUM
A5: Maruti Celerio ZXI | B5: 2017 | C5: 415000 | D5: 20000 | E5: Petrol | F5: Individual | G5: Manual | H5: First Owner | I5: =YEAR(TODAY( ))-B5 -> 9 | J5: =IF(C5<5,"BUDGET",IF(C5<=10,"MID RANGE","PREMIUM")) -> PREMIUM
A6: Nissan Terrano XL 85 PS | B6: 2014 | C6: 500000 | D6: 82000 | E6: Diesel | F6: Individual | G6: Manual | H6: First Owner | I6: =YEAR(TODAY( ))-B6 -> 12 | J6: =IF(C6<5,"BUDGET",IF(C6<=10,"MID RANGE","PREMIUM")) -> PREMIUM
A7: Chevrolet Spark 1.0 LT BS3 | B7: 2013 | C7: 150000 | D7: 60000 | E7: Petrol | F7: Individual | G7: Manual | H7: Second Owner | I7: =YEAR(TODAY( ))-B7 -> 13 | J7: =IF(C7<5,"BUDGET",IF(C7<=10,"MID RANGE","PREMIUM")) -> PREMIUM
A8: Maruti Alto STD | B8: 2005 | C8: 95000 | D8: 50000 | E8: Petrol | F8: Individual | G8: Manual | H8: Second Owner | I8: =YEAR(TODAY( ))-B8 -> 21 | J8: =IF(C8<5,"BUDGET",IF(C8<=10,"MID RANGE","PREMIUM")) -> PREMIUM
A9: Maruti Swift LDI | B9: 2012 | C9: 400000 | D9: 70000 | E9: Diesel | F9: Individual | G9: Manual | H9: First Owner | I9: =YEAR(TODAY( ))-B9 -> 14 | J9: =IF(C9<5,"BUDGET",IF(C9<=10,"MID RANGE","PREMIUM")) -> PREMIUM
A10: Maruti Alto LX | B10: 2008 | C10: 114999 | D10: 66782 | E10: Petrol | F10: Individual | G10: Manual | H10: Second Owner | I10: =YEAR(TODAY( ))-B10 -> 18 | J10: =IF(C10<5,"BUDGET",IF(C10<=10,"MID RANGE","PREMIUM")) -> PREMIUM
A11: Maruti Alto LX | B11: 2006 | C11: 75000 | D11: 130000 | E11: Petrol | F11: Individual | G11: Manual | H11: First Owner | I11: =YEAR(TODAY( ))-B11 -> 20 | J11: =IF(C11<5,"BUDGET",IF(C11<=10,"MID RANGE","PREMIUM")) -> PREMIUM
A12: Hyundai Verna 1.6 SX CRDi (O) | B12: 2013 | C12: 500000 | D12: 120000 | E12: Diesel | F12: Individual | G12: Manual | H12: First Owner | I12: =YEAR(TODAY( ))-B12 -> 13 | J12: =IF(C12<5,"BUDGET",IF(C12<=10,"MID RANGE","PREMIUM")) -> PREMIUM
A13: Maruti 800 AC | B13: 2014 | C13: 195000 | D13: 75000 | E13: Petrol | F13: Individual | G13: Manual | H13: Second Owner | I13: =YEAR(TODAY( ))-B13 -> 12 | J13: =IF(C13<5,"BUDGET",IF(C13<=10,"MID RANGE","PREMIUM")) -> PREMIUM
... A29: Renault KWID RXT | B29: 2016 | C29: 225000 | D29: 40000 | E29: Petrol | F29: Individual | G29: Manual | H29: First Owner | I29: =YEAR(TODAY( ))-B29 -> 10 | J29: =IF(C29<5,"BUDGET",IF(C29<=10,"MID RANGE","PREMIUM")) -> PREMIUM

Sheet analysis
A1: total numbers of cars | B1: =COUNTA(raw_data!A:A)-1 -> 28
A2: average selling price | B2: =AVERAGE(raw_data!C:C) -> 388749.89
A6: most common fuel type | B6: total
A7: petrol | B7: =COUNTIF(raw_data!E:E,"Petrol") -> 14
A8: diesel | B8: =COUNTIF(raw_data!E:E,"Diesel") -> 14
A9: cng | B9: =COUNTIF(raw_data!E:E,"CNG") -> 0
A11: transmisson type | B11: count
A12: manual count | B12: =COUNTIF(raw_data!G:G, "Manual") -> 27
A13: automatic | B13: =COUNTIF(raw_data!G:G, "Automatic") -> 1
A15: seller type | B15: count
A16: dealer | B16: =COUNTIF(raw_data!F:F, "Dealer") -> 0
A17: individual | B17: =COUNTIF(raw_data!F:F, "Individual") -> 28
A18: trustmark dealer | B18: =COUNTIF(raw_data!F:F, "Trustmark Dealer") -> 0
A20: fuel type | B20: average selling price
A21: petrol | B21: =AVERAGEIF(raw_data!E:E, "Petrol", raw_data!C:C) -> 148214.21
A22: diesel | B22: =AVERAGEIF(raw_data!E:E, "diesel", raw_data!C:C) -> 629285.57
A23: cng | B23: 0
A25: cars older then 10 years | B25: =COUNTIF(raw_data!I:I,">10") -> 24
A27: metric | B27: value
A28: first owner count | B28: =COUNTIF(raw_data!H:H, "First Owner") -> 13
A29: total cars | B29: =COUNTA(raw_data!A:A) -> 29
A30: % first owner | B30: =B28/B29 -> 0.44827586
